/*Inserting User test data to User table 45 total*/
INSERT INTO `User` (`ID`,`FirstName`,`LastName`,`Email`,`PasswordHash`)
VALUES
  (00,"Nykolas","Farhangi","Nykolas@gmail.com","$2a$12$7kD4TG9lDtUGXeyAqor7EO0qEw96POH4qXwTIA/uWx66V2TEZlFaq"), /*12345*/
  (01,"Lacey","Clayton","Lacey@gmail.com","$2a$12$7kD4TG9lDtUGXeyAqor7EO0qEw96POH4qXwTIA/uWx66V2TEZlFaq"), /*12345*/
  (02,"Baxter","Greer","eu.sem@outlook.edu","$2a$12$7kD4TG9lDtUGXeyAqor7EO0qEw96POH4qXwTIA/uWx66V2TEZllbv"),
  (03,"Caryn","Montoya","turpis.nulla@icloud.couk","$2a$12$7kD4TG9lDtUGXeyAqor7EO0qEw96POH4qXwTIA/uWx66V2TEZlwat"),
  (04,"Porter","Rodriguez","porttitor.interdum@icloud.ca","$2a$12$7kD4TG9lDtUGXeyAqor7EO0qEw96POH4qXwTIA/uWx66V2TEZltok"),
  (05,"Blake","Joyce","tellus.non@google.ca","$2a$12$7kD4TG9lDtUGXeyAqor7EO0qEw96POH4qXwTIA/uWx66V2TEZlokt"),
  (06,"Hall","Riggs","cubilia.curae@google.com","$2a$12$7kD4TG9lDtUGXeyAqor7EO0qEw96POH4qXwTIA/uWx66V2TEZlitr"),
  (07,"Ezra","Mills","egestas@aol.net","$2a$12$7kD4TG9lDtUGXeyAqor7EO0qEw96POH4qXwTIA/uWx66V2TEZlrtt"),
  (08,"Nomlanga","Knapp","faucibus@hotmail.ca","$2a$12$7kD4TG9lDtUGXeyAqor7EO0qEw96POH4qXwTIA/uWx66V2TEZllkg"),
  (09,"Maia","Clayton","dapibus@protonmail.edu","$2a$12$7kD4TG9lDtUGXeyAqor7EO0qEw96POH4qXwTIA/uWx66V2TEZljhg"),
  (10,"Olga","Guy","tellus@hotmail.edu","$2a$12$7kD4TG9lDtUGXeyAqor7EO0qEw96POH4qXwTIA/uWx66V2TEZlklm"),
  (11,"Clark","Pruitt","mauris.ut.mi@icloud.edu","$2a$12$7kD4TG9lDtUGXeyAqor7EO0qEw96POH4qXwTIA/uWx66V2TEZlela"),
  (12,"Shad","Hansen","consequat.auctor@google.net","$2a$12$7kD4TG9lDtUGXeyAqor7EO0qEw96POH4qXwTIA/uWx66V2TEZlued"),
  (13,"Patricia","Savage","volutpat.nulla.dignissim@google.com","$2a$12$7kD4TG9lDtUGXeyAqor7EO0qEw96POH4qXwTIA/uWx66V2TEZl9iy"),
  (14,"Mechelle","Warren","odio.auctor@aol.net","$2a$12$7kD4TG9lDtUGXeyAqor7EO0qEw96POH4qXwTIA/uWx66V2TEZluhn"),
  (15,"Clayton","Beach","convallis.dolor@hotmail.edu","$2a$12$7kD4TG9lDtUGXeyAqor7EO0qEw96POH4qXwTIA/uWx66V2TEZljhr"),
  (16,"Daryl","Munoz","mauris@outlook.edu","$2a$12$7kD4TG9lDtUGXeyAqor7EO0qEw96POH4qXwTIA/uWx66V2TEZlzsd"),
  (17,"Destiny","Carter","praesent.interdum@outlook.org","$2a$12$7kD4TG9lDtUGXeyAqor7EO0qEw96POH4qXwTIA/uWx66V2TEZllpo"),
  (18,"Merritt","Petty","luctus.sit@yahoo.org","$2a$12$7kD4TG9lDtUGXeyAqor7EO0qEw96POH4qXwTIA/uWx66V2TEZlmgs"),
  (19,"Hashim","Ferguson","donec@protonmail.org","$2a$12$7kD4TG9lDtUGXeyAqor7EO0qEw96POH4qXwTIA/uWx66V2TEZlcbs"),
  (20,"Merrill","Lang","orci.tincidunt.adipiscing@outlook.couk","$2a$12$7kD4TG9lDtUGXeyAqor7EO0qEw96POH4qXwTIA/uWx66V2TEZlrtl"),
  (21,"Oren","Kelly","tempus.mauris@google.couk","$2a$12$7kD4TG9lDtUGXeyAqor7EO0qEw96POH4qXwTIA/uWx66V2TEZlbgr"),
  (22,"Holmes","Wilder","nulla.vulputate@icloud.net","$2a$12$7kD4TG9lDtUGXeyAqor7EO0qEw96POH4qXwTIA/uWx66V2TEZlqwn"),
  (23,"Todd","Tyler","amet@outlook.com","$2a$12$7kD4TG9lDtUGXeyAqor7EO0qEw96POH4qXwTIA/uWx66V2TEZlmnw"),
  (24,"Quyn","Yang","sem.ut@icloud.ca","$2a$12$7kD4TG9lDtUGXeyAqor7EO0qEw96POH4qXwTIA/uWx66V2TEZlwte"),
  (25,"Isaac","Chase","interdum.ligula@yahoo.ca","$2a$12$7kD4TG9lDtUGXeyAqor7EO0qEw96POH4qXwTIA/uWx66V2TEZlgdr"),
  (26,"Fulton","Dorsey","sed.orci.lobortis@hotmail.couk","$2a$12$7kD4TG9lDtUGXeyAqor7EO0qEw96POH4qXwTIA/uWx66V2TEZlmnd"),
  (27,"April","Christensen","massa.mauris.vestibulum@aol.org","$2a$12$7kD4TG9lDtUGXeyAqor7EO0qEw96POH4qXwTIA/uWx66V2TEZlpir"),
  (28,"Jolene","Lester","purus.gravida@icloud.ca","$2a$12$7kD4TG9lDtUGXeyAqor7EO0qEw96POH4qXwTIA/uWx66V2TEZllwt"),
  (29,"Jolene","Leblanc","dolor.donec@outlook.ca","$2a$12$7kD4TG9lDtUGXeyAqor7EO0qEw96POH4qXwTIA/uWx66V2TEZluto"),
  (30,"Colin","Chambers","est@protonmail.com","$2a$12$7kD4TG9lDtUGXeyAqor7EO0qEw96POH4qXwTIA/uWx66V2TEZlqwe"),
  (31,"Peter","Sullivan","urna.ut@icloud.org","$2a$12$7kD4TG9lDtUGXeyAqor7EO0qEw96POH4qXwTIA/uWx66V2TEZlmkl"),
  (32,"Perry","Mueller","urna.ut.tincidunt@aol.org","$2a$12$7kD4TG9lDtUGXeyAqor7EO0qEw96POH4qXwTIA/uWx66V2TEZlghe"),
  (33,"Alisa","Pate","auctor.odio.a@outlook.ca","$2a$12$7kD4TG9lDtUGXeyAqor7EO0qEw96POH4qXwTIA/uWx66V2TEZlmvd"),
  (34,"Haley","Solomon","lobortis@outlook.com","$2a$12$7kD4TG9lDtUGXeyAqor7EO0qEw96POH4qXwTIA/uWx66V2TEZlted"),
  (35,"Oliver","Buckner","ante.dictum.cursus@icloud.ca","$2a$12$7kD4TG9lDtUGXeyAqor7EO0qEw96POH4qXwTIA/uWx66V2TEZliey"),
  (36,"MacKenzie","Wagner","diam.lorem@hotmail.net","$2a$12$7kD4TG9lDtUGXeyAqor7EO0qEw96POH4qXwTIA/uWx66V2TEZloip"),
  (37,"Fallon","Mcfadden","nec@outlook.ca","$2a$12$7kD4TG9lDtUGXeyAqor7EO0qEw96POH4qXwTIA/uWx66V2TEZlhmb"),
  (38,"Zachary","Strong","eros.non@icloud.edu","$2a$12$7kD4TG9lDtUGXeyAqor7EO0qEw96POH4qXwTIA/uWx66V2TEZlytp"),
  (39,"Joan","Delacruz","dignissim.lacus@yahoo.ca","$2a$12$7kD4TG9lDtUGXeyAqor7EO0qEw96POH4qXwTIA/uWx66V2TEZlsfd"),
  (40,"Warren","Ryan","fermentum.vel@hotmail.ca","$2a$12$7kD4TG9lDtUGXeyAqor7EO0qEw96POH4qXwTIA/uWx66V2TEZlFaq"),
  (41,"Thaddeus","Norris","risus.at@protonmail.couk","$2a$12$7kD4TG9lDtUGXeyAqor7EO0qEw96POH4qXwTIA/uWx66V2TEZlFaq"),
  (42,"Yen","Mcclain","mollis.phasellus.libero@hotmail.org","$2a$12$7kD4TG9lDtUGXeyAqor7EO0qEw96POH4qXwTIC/uWx66V2TEZlFaq"),
  (43,"Denton","Kinney","enim.condimentum@outlook.net","$2a$12$7kD4TG9lDtUGXeyAqor7EO0qEw96POH4qXwTIAtuWx66V2TEZlFaq"),
  (44,"Rhoda","Robertson","aliquet@aol.ca","$2a$12$7kD4TG9lDtUGXeyAqor7EO0qEw96POH4qXwTIA/uWx66V2TEZoFaq"),
  (45,"Imelda","Bryant","integer.vulputate@google.com","$2a$12$7kD4TG9lDtUGXeyAqor7EO0qEt96POH4qXwTIA/uWx66V2TEZlFay"),
  (46,"Jairo","Pedroza","Jairo@gmail.com","$2a$12$7kD4TG9lDtUGXeyAqor7EO0qEw96POH4qXwTIA/uWx66V2TEZlFaq"), /*12345*/
  (47,"Courtney","Berry","Courtney@gmail.com","$2a$12$7kD4TG9lDtUGXeyAqor7EO0qEw96POH4qXwTIA/uWx66V2TEZlFaq"), /*12345*/
  (48,"Anil","Shanker","Anil@gmail.com","$2a$12$7kD4TG9lDtUGXeyAqor7EO0qEw96POH4qXwTIA/uWx66V2TEZlFaq");/*12345*/
Update `User`
Set Role = 1
WHERE `FirstName` IN ("Nykolas");

/*Inserting workspace test data 3 total*/
Insert Into Workspace (ID,CreatedAt,CreatedBy,LastUpdated,UpdatedBy, Title)
  VALUES
	(1, 20160428, 1, 20220322, 2,"GLaDOS Personal Projects"),
    (2, 20160428, 16, 20220322, 17, "Aperture Science"),
    (3, 20160428, 31, 20220322, 32, "Black Mesa Research Facility"),
    (4, 20210615, 00, 20220419, 47, "Cool Startup");

/*Assigning users to workspaces*/
INSERT INTO UserWorkspaceRelation (UserID,WorkspaceID)
VALUES
  (0,1),
  (0,2),
  (0,3),
  (0,4),
  (1,1),
  (2,1),
  (3,1),
  (4,1),
  (4,2),
  (5,1),
  (5,2),
  (5,3),
  (6,1),
  (6,3),
  (7,1),
  (8,1),
  (9,1),
  (10,1),
  (11,1),
  (12,1),
  (13,1),
  (14,1),
  (15,1),
  (16,2),
  (17,2),
  (18,2),
  (19,2),
  (20,2),
  (21,2),
  (22,2),
  (23,2),
  (24,2),
  (25,2),
  (26,2),
  (27,2),
  (28,2),
  (29,2),
  (30,2),
  (31,3),
  (32,3),
  (33,3),
  (34,3),
  (35,3),
  (36,3),
  (37,3),
  (38,3),
  (39,3),
  (40,3),
  (41,3),
  (42,3),
  (43,3),
  (44,3),
  (45,3),
  (46,4),
  (46,2),
  (46,1),
  (47,4),
  (47,3),
  (48,4),
  (48,2);

/*creatign workspaceUsers and giving them roles. All role 100. Note: roles
can be changed to job titles but I thought we could assign a job title to a number if needed*/
/*Roles: 0 Owner | 1 Admin | 2 User*/
Insert INTO WorkspaceUser(ID,UserID,Role,WorkspaceID)
VALUES
  (101,0,0,1),
  (102,0,0,2),
  (103,0,0,3),
  (104,0,0,4),
  (1,1,0,1),
  (2,2,1,1),
  (3,3,1,1),
  (4,4,1,1),
  (46,4,1,2),
  (5,5,2,1),
  (47,5,2,2),
  (48,5,2,3),
  (6,6,2,1),
  (49,6,2,3),
  (7,7,2,1),
  (8,8,2,1),
  (9,9,2,1),
  (10,10,2,1),
  (11,11,2,1),
  (12,12,2,1),
  (13,13,2,1),
  (14,14,2,1),
  (15,15,2,1),
  (16,16,0,2),
  (17,17,1,2),
  (18,18,1,2),
  (19,19,2,2),
  (20,20,2,2),
  (21,21,2,2),
  (22,22,2,2),
  (23,23,2,2),
  (24,24,2,2),
  (25,25,2,2),
  (26,26,2,2),
  (27,27,2,2),
  (28,28,2,2),
  (29,29,2,2),
  (30,30,2,2),
  (31,31,0,3),
  (32,32,1,3),
  (33,33,2,3),
  (34,34,2,3),
  (35,35,2,3),
  (36,36,2,3),
  (37,37,2,3),
  (38,38,2,3),
  (39,39,2,3),
  (40,40,2,3),
  (41,41,2,3),
  (42,42,2,3),
  (43,43,2,3),
  (44,44,2,3),
  (45,45,2,3),
  (50,46,1,4),
  (51,46,1,2),
  (52,46,2,1),
  (53,47,1,4),
  (54,47,2,3),
  (55,48,2,4),
  (56,48,1,2);

/*Creating departments 3 for workspace 1 | 2 for workspace 2  | 2 for workspace 3*/
INSERT INTO Department (ID,WorkspaceID,CreatedAt,CreatedBy,LastUpdated,UpdatedBy,Title,Description)
VALUES
	(1,1,"2022-01-04 04:49:58",1,"2022-02-03 00:59:39",2,"Research","Lorem ipsum"),
    (2,1,"2022-01-04 04:49:58",1,"2022-01-21 19:15:07",3,"Finance","Lorem ipsum"),
    (3,1,"2022-01-04 04:49:58",1,"2022-02-07 03:21:47",4,"Marketing","Lorem ipsum"),
    (4,2,"2022-01-07 05:27:16",16,"2022-03-15 18:59:04",17,"Sales","Lorem ipsum"),
    (5,2,"2022-01-07 05:27:16",16,"2022-04-02 08:52:05",18,"Human Resources","Lorem ipsum"),
    (6,3,"2022-01-11 07:31:07",31,"2022-04-03 16:09:40",32,"Purchase","Lorem ipsum"),
    (7,3,"2022-01-11 07:31:07",31,"2022-04-06 19:25:39",33,"Operations","Lorem ipsum"),
    (8,4,"2021-06-15 05:32:05",46,"2022-04-19 04:25:39",46,"Operations","Running the startup"),
    (9,4,"2021-06-15 05:33:01",46,"2022-04-19 17:45:06",50,"R&D","Developing new technology"),
    (10,4,"2021-06-15 05:35:07",46,"2022-04-18 16:54:49",53,"Marketing","Increasing startup's visibility to investors and users"),
    (11,4,"2021-06-15 05:39:21",46,"2022-04-18 13:52:39",55,"Sales","Selling startup's software services to businesses");
    
    /*Assigning workspace users to departments*/
	Update WorkspaceUser SET DepartmentID = 1
	WHERE UserID BETWEEN 1 AND 5;
	Update WorkspaceUser SET DepartmentID = 2
	WHERE UserID BETWEEN 6 AND 10;
	Update WorkspaceUser SET DepartmentID = 3
	WHERE UserID BETWEEN 11 AND 15;
	Update WorkspaceUser SET DepartmentID = 4
	WHERE UserID BETWEEN 16 AND 24;
	Update WorkspaceUser SET DepartmentID = 5
	WHERE UserID BETWEEN 25 AND 30;
	Update WorkspaceUser SET DepartmentID = 6
	WHERE UserID BETWEEN 31 AND 40;
	Update WorkspaceUser SET DepartmentID = 7
	WHERE UserID BETWEEN 41 AND 45;
	Update WorkspaceUser Set DepartmentID = 8
    WHERE UserID = 0;
    Update WorkspaceUser Set DepartmentID = 9
    WHERE UserID = 46;
    Update WorkspaceUser Set DepartmentID = 10
    WHERE UserID = 47;
    Update WorkspaceUser Set DepartmentID = 11
    WHERE UserID = 48;
/*Creating projects 3 for workspace 1 | 2 for workspace 2  | 2 for workspace 3*/
INSERT INTO Project (ID,WorkspaceID,CreatedAt,CreatedBy,LastUpdated,UpdatedBy,Title, EstimatedCost,EstimatedEffort)
Values 
	(1,1,"2022-01-04 04:49:58",1,"2022-01-16 11:47:35",2,"Project1",1000,40),
    (2,1,"2022-01-04 04:49:58",1,"2022-01-16 13:05:09",3,"Project2",2000,80),
    (3,1,"2022-01-04 04:49:58",4,"2022-01-16 23:39:23",4,"Project3",1500,35),
    (4,2,"2022-01-07 05:27:16",16,"2022-01-16 23:39:23",17,"Project4",1250,25),
    (5,2,"2022-01-07 05:27:16",16,"2022-01-21 19:15:07",18,"Project5",2500,45),
    (6,3,"2022-01-11 07:31:07",31,"2022-02-03 00:59:39",32,"Project6",10000,120),
    (7,3,"2022-01-11 07:31:07",31,"2022-04-07 03:21:47",33,"Project7",9000,90),
    (8,4,"2022-03-11 07:31:07",46,"2022-03-07 03:21:47",46,"Server Maintenance",5000,10),
    (9,4,"2022-02-12 07:31:07",46,"2022-04-07 03:21:47",46,"HQ Improvements",10000,120),
    (10,4,"2022-03-25 07:31:07",46,"2022-03-27 03:21:47",46,"Fast Food App",7500,240),
    (11,4,"2022-02-09 07:31:07",47,"2022-03-07 03:21:47",47,"Marketing Campaign",15000,100),
    (12,4,"2022-03-10 07:31:07",48,"2022-04-07 03:21:47",48,"Sales Program",4500,120),
    (13,2,"2022-01-08 09:28:07",4,"2022-03-07 03:21:47",4,"Another Project",750,100);

/*Loading workspace user IDs and Assigning workspace users to Projects*/
INSERT INTO WorkspaceUserProjectRelation (WorkspaceUserID,ProjectID)
VALUES
  (1,1),(2,1),(3,1),(4,1),(5,1),(6,2),(7,2),
  (8,2),(9,2),(10,2),(11,3),(12,3),(13,3),(14,3),(15,3),(16,4),(17,4),(18,4),(19,4),(20,4),(21,4),(22,4),(23,4),(24,4),(25,5),(26,5),
  (27,5),(28,5),(29,5),(30,5),(31,6),(32,6),(33,6),(34,6),(35,6),(36,6),(37,6),(38,6),(39,6),(40,6),(41,7),(42,7),(43,7),(44,7),(45,7),
  (46,4),(47,5),(48,6),(49,7),(52,1),(52,2),(51,4),(51,5),(51,13),(50,10),(50,8),(50,9),(54,6),(54,7),(53,11),(56,4),
  (56,5),(55,12);

/*Creating tasks: 2 tasks for project 2 and 1 each for the rest*/
INSERT INTO `Task` (`ID`,`ProjectID`,`WorkspaceID`,`CreatedAt`,`CreatedBy`,`LastUpdated`,`UpdatedBy`,`Title`,`Status`)
VALUES
  (1,1,1,"2022-01-09 16:13:58",1,"2022-03-11 00:55:15",2,"Task1",0),
  (2,2,1,"2022-01-09 16:13:58",1,"2022-03-08 00:34:14",2,"Task2",0),
  (3,3,1,"2022-01-12 12:01:23",1,"2022-03-12 01:06:44",2,"Task3",1),
  (4,4,2,"2022-01-12 12:01:23",16,"2022-03-12 08:07:34",17,"Task4",2),
  (5,5,2,"2022-01-12 12:01:23",16,"2022-03-13 06:27:59",17,"Task5",1),
  (6,6,3,"2022-01-15 02:11:05",31,"2022-03-24 06:03:29",32,"Task6",1),
  (7,7,3,"2022-01-15 02:11:05",31,"2022-04-01 07:21:05",32,"Task7",2),
  (8,2,1,"2022-02-05 21:08:51",1,"2022-04-07 01:45:02",2,"Task8",1),
  (9,8,4,"2022-01-15 02:11:05",46,"2022-04-01 07:21:05",46,"Patch Server",2),
  (10,9,4,"2022-01-15 02:11:05",46,"2022-04-01 07:21:05",46,"Build new PCs",2),
  (11,10,4,"2022-01-15 02:11:05",46,"2022-04-01 07:21:05",46,"Front-end",2),
  (12,10,4,"2022-01-15 02:11:05",46,"2022-04-01 07:21:05",46,"Back-end",2),
  (13,11,4,"2022-01-15 02:11:05",46,"2022-04-01 07:21:05",47,"Prepare Social Media Campaign",2),
  (14,11,4,"2022-01-15 02:11:05",46,"2022-04-01 07:21:05",47,"Create Investor Presentation",2),
  (15,12,4,"2022-01-15 02:11:05",46,"2022-04-01 07:21:05",48,"Create Sales pitch",2),
  (16,8,4,"2022-01-15 02:11:05",46,"2022-04-01 07:21:05",46,"Check ports",2),
  (17,8,4,"2022-01-15 02:11:05",46,"2022-04-01 07:21:05",46,"Cable management",2),
  (18,10,4,"2022-04-15 02:11:05",46,"2022-04-03 09:01:05",46,"Optimization",2),
  (19,10,4,"2022-03-21 08:01:05",46,"2022-04-07 12:19:05",46,"Security",2),
  (20,10,4,"2022-03-29 05:10:05",46,"2022-04-10 17:21:45",46,"Database Design",2),
  (21,9,4,"2022-03-19 05:10:05",46,"2022-04-10 08:11:54",46,"Open Space Layout",2),
  (22,4,2,"2022-01-09 16:13:58",1,"2022-03-08 00:34:14",2,"Task10",0),
  (23,4,2,"2022-01-09 16:13:58",1,"2022-03-08 00:34:14",2,"Task20",0),
  (24,5,2,"2022-01-12 12:01:23",16,"2022-03-13 06:27:59",17,"Task25",1),
  (25,5,2,"2022-01-12 12:01:23",16,"2022-03-13 06:27:59",17,"Task35",1),
  (26,13,2,"2022-01-12 12:01:23",16,"2022-03-13 06:27:59",17,"Task45",1),
  (27,13,2,"2022-01-12 12:01:23",16,"2022-03-13 06:27:59",17,"Task55",1),
  (28,13,2,"2022-01-12 12:01:23",16,"2022-03-13 06:27:59",17,"Task65",1);
  
  Update Task Set ActualCost = 595 WHERE ID =1;
  Update Task Set ActualCost = 500 WHERE ID =4;
  Update Task Set ActualCost = 1500 WHERE ID =5;
  Update Task Set ActualCost = 500 WHERE ID =9;
  Update Task Set ActualCost = 6000 WHERE ID =10;
  Update Task Set ActualCost = 1500 WHERE ID =11;
  Update Task Set ActualCost = 1500 WHERE ID =12;
  Update Task Set ActualCost = 500 WHERE ID =13;
  Update Task Set ActualCost = 500 WHERE ID =14;
  Update Task Set ActualCost = 500 WHERE ID =15;
  Update Task Set ActualCost = 1500 WHERE ID =16;
  Update Task Set ActualCost = 900 WHERE ID =17;
  Update Task Set ActualCost = 3000 WHERE ID =18;
  Update Task Set ActualCost = 1400 WHERE ID =19;
  Update Task Set ActualCost = 100 WHERE ID =20;
  Update Task Set ActualCost = 5000 WHERE ID =21;
  
  Update Task Set ActualCost = 500 WHERE ID =22;
  Update Task Set ActualCost = 1500 WHERE ID =23;
  Update Task Set ActualCost = 900 WHERE ID =24;
  Update Task Set ActualCost = 3000 WHERE ID =25;
  Update Task Set ActualCost = 1400 WHERE ID =26;
  Update Task Set ActualCost = 100 WHERE ID =27;
  Update Task Set ActualCost = 5000 WHERE ID =28;
  
  Update Task Set ActualEffort = 61 WHERE ID = 1;
  Update Task Set ActualEffort = 45 WHERE ID =4;
  Update Task Set ActualEffort = 10 WHERE ID =5;
  Update Task Set ActualEffort = 49 WHERE ID =9;
  Update Task Set ActualEffort = 50 WHERE ID =10;
  Update Task Set ActualEffort = 80 WHERE ID =11;
  Update Task Set ActualEffort = 56 WHERE ID =12;
  Update Task Set ActualEffort = 67 WHERE ID =13;
  Update Task Set ActualEffort = 110 WHERE ID =14;
  Update Task Set ActualEffort = 9 WHERE ID =15;
  Update Task Set ActualEffort = 10 WHERE ID =16;
  Update Task Set ActualEffort = 15 WHERE ID =17;
  Update Task Set ActualEffort = 75 WHERE ID =18;
  Update Task Set ActualEffort = 46 WHERE ID =19;
  Update Task Set ActualEffort = 54 WHERE ID =20;
  Update Task Set ActualEffort = 60 WHERE ID =21;
  
  Update Task Set ActualEffort = 9 WHERE ID =22;
  Update Task Set ActualEffort = 10 WHERE ID =23;
  Update Task Set ActualEffort = 15 WHERE ID =24;
  Update Task Set ActualEffort = 75 WHERE ID =25;
  Update Task Set ActualEffort = 46 WHERE ID =26;
  Update Task Set ActualEffort = 54 WHERE ID =27;
  Update Task Set ActualEffort = 60 WHERE ID =28;

/*Creating tags for projects. There are 3 tags per task*/
INSERT INTO Tag (ID, WorkspaceID, ProjectID, Message)
VALUES
  (1,1,1,"odio sagittis semper. Nam"),
  (2,1,1,"penatibus et magnis dis parturient"),
  (3,1,1,"diam eu"),
  (4,1,2,"ante"),
  (5,1,2,"Integer vulputate,"),
  (6,1,2,"Aliquam auctor,"),
  (7,1,3,"nec"),
  (8,1,3,"ornare. In"),
  (9,1,3,"Donec non"),
  (10,2,4,"nibh. Quisque nonummy ipsum non arcu."),
  (11,2,4,"lobortis"),
  (12,2,4,"Etiam vestibulum"),
  (13,2,5,"pede."),
  (14,2,5,"sed consequat auctor, nunc"),
  (15,2,5,"nec, imperdiet nec, leo. Morbi neque"),
  (16,3,6,"tincidunt vehicula risus. Nulla eget metus"),
  (17,3,6,"varius orci, in"),
  (18,3,6,"semper erat, in consectetuer"),
  (19,3,7,"vitae mauris sit amet lorem"),
  (20,3,7,"turpis vitae"),
  (21,3,7,"consequat enim diam");
  
/*Creating tags for tasks. All tasks have a tag. Task 8 has 2 tags*/
INSERT INTO Tag (ID, WorkspaceID, ProjectID, TaskID, Message)
VALUES
  (22,1,1,1,"penatibus et magnis dis parturient"),
  (23,1,2,2,"diam eu"),
  (24,1,3,3,"ante"),
  (25,2,4,4,"Integer vulputate,"),
  (26,2,5,5,"Aliquam auctor,"),
  (27,3,6,6,"nec"),
  (28,3,7,7,"ornare. In"),
  (29,1,2,8,"Donec non"),
  (30,1,2,8,"Lorem Ipsum");
